driver_key,driver_name,driver_code,DOB,geography_id,driver_id
4292,Lewis Hamilton,HAM,1985-01-07,369,1
4293,Nick Heidfeld,HEI,1977-05-10,370,2
4294,Nico Rosberg,ROS,1985-06-27,370,3
4295,Fernando Alonso,ALO,1981-07-29,371,4
4296,Heikki Kovalainen,KOV,1981-10-19,372,5
4297,Kazuki Nakajima,NAK,1985-01-11,373,6
4298,Sébastien Bourdais,BOU,1979-02-28,374,7
4299,Kimi Räikkönen,RAI,1979-10-17,372,8
4300,Robert Kubica,KUB,1984-12-07,375,9
4301,Timo Glock,GLO,1982-03-18,370,10
4302,Takuma Sato,SAT,1977-01-28,373,11
4303,Nelson Piquet Jr.,PIQ,1985-07-25,376,12
4304,Felipe Massa,MAS,1981-04-25,376,13
4305,David Coulthard,COU,1971-03-27,369,14
4306,Jarno Trulli,TRU,1974-07-13,377,15
4307,Adrian Sutil,SUT,1983-01-11,370,16
4308,Mark Webber,WEB,1976-08-27,378,17
4309,Jenson Button,BUT,1980-01-19,369,18
4310,Anthony Davidson,DAV,1979-04-18,369,19
4311,Sebastian Vettel,VET,1987-07-03,370,20
4312,Giancarlo Fisichella,FIS,1973-01-14,377,21
4313,Rubens Barrichello,BAR,1972-05-23,376,22
4314,Ralf Schumacher,SCH,1975-06-30,370,23
4315,Vitantonio Liuzzi,LIU,1980-08-06,377,24
4316,Alexander Wurz,WUR,1974-02-15,379,25
4317,Scott Speed,SPE,1983-01-24,380,26
4318,Christijan Albers,ALB,1979-04-16,381,27
4319,Markus Winkelhock,WIN,1980-06-13,370,28
4320,Sakon Yamamoto,YAM,1982-07-09,373,29
4321,Michael Schumacher,MSC,1969-01-03,370,30
4322,Juan Pablo Montoya,MON,1975-09-20,382,31
4323,Christian Klien,KLI,1983-02-07,379,32
4324,Tiago Monteiro,TMO,1976-07-24,383,33
4325,Yuji Ide,IDE,1975-01-21,373,34
4326,Jacques Villeneuve,VIL,1971-04-09,384,35
4327,Franck Montagny,FMO,1978-01-05,374,36
4328,Pedro de la Rosa,DLR,1971-02-24,371,37
4329,Robert Doornbos,DOO,1981-09-23,381,38
4330,Narain Karthikeyan,KAR,1977-01-14,385,39
4331,Patrick Friesacher,FRI,1980-09-26,379,40
4332,Ricardo Zonta,ZON,1976-03-23,376,41
4333,Antônio Pizzonia,PIZ,1980-09-11,376,42
4334,Cristiano da Matta,\N,1973-09-19,376,43
4335,Olivier Panis,\N,1966-09-02,374,44
4336,Giorgio Pantano,\N,1979-02-04,377,45
4337,Gianmaria Bruni,\N,1981-05-30,377,46
4338,Zsolt Baumgartner,\N,1981-01-01,386,47
4339,Marc Gené,\N,1974-03-29,371,48
4340,Heinz-Harald Frentzen,\N,1967-05-18,370,49
4341,Jos Verstappen,\N,1972-03-04,381,50
4342,Justin Wilson,\N,1978-07-31,369,51
4343,Ralph Firman,\N,1975-05-20,387,52
4344,Nicolas Kiesa,\N,1978-03-03,388,53
4345,Luciano Burti,\N,1975-03-05,376,54
4346,Jean Alesi,\N,1964-06-11,374,55
4347,Eddie Irvine,\N,1965-11-10,369,56
4348,Mika Häkkinen,\N,1968-09-28,372,57
4349,Tarso Marques,\N,1976-01-19,376,58
4350,Enrique Bernoldi,\N,1978-10-19,376,59
4351,Gastón Mazzacane,\N,1975-05-08,389,60
4352,Tomáš Enge,\N,1976-09-11,390,61
4353,Alex Yoong,\N,1976-07-20,391,62
4354,Mika Salo,\N,1966-11-30,372,63
4355,Pedro Diniz,\N,1970-05-22,376,64
4356,Johnny Herbert,\N,1964-06-25,369,65
4357,Allan McNish,\N,1969-12-29,369,66
4358,Sébastien Buemi,BUE,1988-10-31,392,67
4359,Toranosuke Takagi,\N,1974-02-12,373,68
4360,Luca Badoer,BAD,1971-01-25,377,69
4361,Alessandro Zanardi,\N,1966-10-23,377,70
4362,Damon Hill,\N,1960-09-17,369,71
4363,Stéphane Sarrazin,\N,1975-11-02,374,72
4364,Ricardo Rosset,\N,1968-07-27,376,73
4365,Esteban Tuero,\N,1978-04-22,389,74
4366,Shinji Nakano,\N,1971-04-01,373,75
4367,Jan Magnussen,MAG,1973-07-04,388,76
4368,Gerhard Berger,\N,1959-08-27,379,77
4369,Nicola Larini,\N,1964-03-19,377,78
4370,Ukyo Katayama,\N,1963-05-29,373,79
4371,Vincenzo Sospiri,\N,1966-10-07,377,80
4372,Gianni Morbidelli,\N,1968-01-13,377,81
4373,Norberto Fontana,\N,1975-01-20,389,82
4374,Pedro Lamy,\N,1972-03-20,383,83
4375,Martin Brundle,\N,1959-06-01,369,84
4376,Andrea Montermini,\N,1964-05-30,377,85
4377,Giovanni Lavaggi,\N,1958-02-18,377,86
4378,Mark Blundell,\N,1966-04-08,369,87
4379,Aguri Suzuki,\N,1960-09-08,373,88
4380,Taki Inoue,\N,1963-09-05,373,89
4381,Roberto Moreno,\N,1959-02-11,376,90
4382,Karl Wendlinger,\N,1968-12-20,379,91
4383,Bertrand Gachot,\N,1962-12-23,393,92
4384,Domenico Schiattarella,\N,1967-11-17,377,93
4385,Pierluigi Martini,\N,1961-04-23,377,94
4386,Nigel Mansell,\N,1953-08-08,369,95
4387,Jean-Christophe Boullion,\N,1969-12-27,374,96
4388,Massimiliano Papis,\N,1969-10-03,377,97
4389,Jean-Denis Délétraz,\N,1963-10-01,392,98
4390,Gabriele Tarquini,\N,1962-03-02,377,99
4391,Érik Comas,\N,1963-09-28,374,100
4392,David Brabham,\N,1965-09-05,378,101
4393,Ayrton Senna,\N,1960-03-21,376,102
4394,Éric Bernard,\N,1964-08-24,374,103
4395,Christian Fittipaldi,\N,1971-01-18,376,104
4396,Michele Alboreto,\N,1956-12-23,377,105
4397,Olivier Beretta,\N,1969-11-23,394,106
4398,Roland Ratzenberger,\N,1960-07-04,379,107
4399,Paul Belmondo,\N,1963-04-23,374,108
4400,Jyrki Järvilehto,\N,1966-01-31,372,109
4401,Andrea de Cesaris,\N,1959-05-31,377,110
4402,Jean-Marc Gounon,\N,1963-01-01,374,111
4403,Philippe Alliot,\N,1954-07-27,374,112
4404,Philippe Adams,\N,1969-11-19,393,113
4405,Yannick Dalmas,\N,1961-07-28,374,114
4406,Hideki Noda,\N,1969-03-07,373,115
4407,Franck Lagorce,\N,1968-09-01,374,116
4408,Alain Prost,\N,1955-02-24,374,117
4409,Derek Warwick,\N,1954-08-27,369,118
4410,Riccardo Patrese,\N,1954-04-17,377,119
4411,Fabrizio Barbazza,\N,1963-04-02,377,120
4412,Michael Andretti,\N,1962-10-05,380,121
4413,Ivan Capelli,\N,1963-05-24,377,122
4414,Thierry Boutsen,\N,1957-07-13,393,123
4415,Marco Apicella,\N,1965-10-07,377,124
4416,Emanuele Naspetti,\N,1968-02-24,377,125
4417,Toshio Suzuki,\N,1955-03-10,373,126
4418,Maurício Gugelmin,\N,1963-04-20,376,127
4419,Eric van de Poele,\N,1961-09-30,393,128
4420,Olivier Grouillard,\N,1958-09-02,374,129
4421,Andrea Chiesa,\N,1964-05-06,392,130
4422,Stefano Modena,\N,1963-05-12,377,131
4423,Giovanna Amati,\N,1959-07-20,377,132
4424,Alex Caffi,\N,1964-03-18,377,133
4425,Enrico Bertaggia,\N,1964-09-19,377,134
4426,Perry McCarthy,\N,1961-03-03,369,135
4427,Jan Lammers,\N,1956-06-02,381,136
4428,Nelson Piquet,\N,1952-08-17,376,137
4429,Satoru Nakajima,\N,1953-02-23,373,138
4430,Emanuele Pirro,\N,1962-01-12,377,139
4431,Stefan Johansson,\N,1956-09-08,395,140
4432,Julian Bailey,\N,1961-10-09,369,141
4433,Pedro Chaves,\N,1965-02-27,383,142
4434,Michael Bartels,\N,1968-03-08,370,143
4435,Naoki Hattori,\N,1966-06-13,373,144
4436,Alessandro Nannini,\N,1959-07-07,377,145
4437,Bernd Schneider,\N,1964-07-20,370,146
4438,Paolo Barilla,\N,1961-04-20,377,147
4439,Gregor Foitek,\N,1965-03-27,392,148
4440,Claudio Langes,\N,1960-07-20,377,149
4441,Gary Brabham,\N,1961-03-29,378,150
4442,Martin Donnelly,\N,1964-03-26,369,151
4443,Bruno Giacomelli,\N,1952-09-10,377,152
4444,Jaime Alguersuari,ALG,1990-03-23,371,153
4445,Romain Grosjean,GRO,1986-04-17,374,154
4446,Kamui Kobayashi,KOB,1986-09-13,373,155
4447,Jonathan Palmer,\N,1956-11-07,369,156
4448,Christian Danner,\N,1958-04-04,370,157
4449,Eddie Cheever,\N,1958-01-10,380,158
4450,Luis Pérez-Sala,\N,1959-05-15,371,159
4451,Piercarlo Ghinzani,\N,1952-01-16,377,160
4452,Volker Weidler,\N,1962-03-18,370,161
4453,Pierre-Henri Raphanel,\N,1961-05-27,374,162
4454,René Arnoux,\N,1948-07-04,374,163
4455,Joachim Winkelhock,\N,1960-10-24,370,164
4456,Oscar Larrauri,\N,1954-08-19,389,165
4457,Philippe Streiff,\N,1955-06-26,374,166
4458,Adrián Campos,\N,1960-06-17,371,167
4459,Jean-Louis Schlesser,\N,1948-09-12,374,168
4460,Pascal Fabre,\N,1960-01-09,374,169
4461,Teo Fabi,\N,1955-03-09,377,170
4462,Franco Forini,\N,1958-09-22,392,171
4463,Jacques Laffite,\N,1943-11-21,374,172
4464,Elio de Angelis,\N,1958-03-26,377,173
4465,Johnny Dumfries,\N,1958-04-26,369,174
4466,Patrick Tambay,\N,1949-06-25,374,175
4467,Marc Surer,\N,1951-09-18,392,176
4468,Keke Rosberg,\N,1948-12-06,372,177
4469,Alan Jones,\N,1946-11-02,378,178
4470,Huub Rothengatter,\N,1954-10-08,381,179
4471,Allen Berg,\N,1961-08-01,384,180
4472,Manfred Winkelhock,\N,1951-10-06,370,181
4473,Niki Lauda,\N,1949-02-22,379,182
4474,François Hesnault,\N,1956-12-30,374,183
4475,Mauro Baldi,\N,1954-01-31,377,184
4476,Stefan Bellof,\N,1957-11-20,370,185
4477,Kenny Acheson,\N,1957-11-27,369,186
4478,John Watson,\N,1946-05-04,369,187
4479,Johnny Cecotto,\N,1956-01-25,396,188
4480,Jo Gartner,\N,1954-01-24,379,189
4481,Corrado Fabi,\N,1961-04-12,377,190
4482,Mike Thackwell,\N,1961-03-30,397,191
4483,Chico Serra,\N,1957-02-03,376,192
4484,Danny Sullivan,\N,1950-03-09,380,193
4485,Eliseo Salazar,\N,1954-11-14,398,194
4486,Roberto Guerrero,\N,1958-11-16,382,195
4487,Raul Boesel,\N,1957-12-04,376,196
4488,Jean-Pierre Jarier,\N,1946-07-10,374,197
4489,Jacques Villeneuve Sr.,\N,1953-11-04,384,198
4490,Carlos Reutemann,\N,1942-04-12,389,199
4491,Jochen Mass,\N,1946-09-30,370,200
4492,Slim Borgudd,\N,1946-11-25,395,201
4493,Didier Pironi,\N,1952-03-26,374,202
4494,Gilles Villeneuve,\N,1950-01-18,384,203
4495,Riccardo Paletti,\N,1958-06-15,377,204
4496,Brian Henton,\N,1946-09-19,369,205
4497,Derek Daly,\N,1953-03-11,387,206
4498,Mario Andretti,\N,1940-02-28,380,207
4499,Emilio de Villota,\N,1946-07-26,371,208
4500,Geoff Lees,\N,1951-05-01,369,209
4501,Tommy Byrne,\N,1958-05-06,387,210
4502,Rupert Keegan,\N,1955-02-26,369,211
4503,Hector Rebaque,\N,1956-02-05,399,212
4504,Beppe Gabbiani,\N,1957-01-02,377,213
4505,Kevin Cogan,\N,1956-03-31,380,214
4506,Miguel Ángel Guerra,\N,1953-08-31,389,215
4507,Siegfried Stohr,\N,1952-10-10,377,216
4508,Ricardo Zunino,\N,1949-04-13,389,217
4509,Ricardo Londoño,\N,1949-08-08,382,218
4510,Jean-Pierre Jabouille,\N,1942-10-01,374,219
4511,Giorgio Francia,\N,1947-11-08,377,220
4512,Patrick Depailler,\N,1944-08-09,374,221
4513,Jody Scheckter,\N,1950-01-29,400,222
4514,Clay Regazzoni,\N,1939-09-05,392,223
4515,Emerson Fittipaldi,\N,1946-12-12,376,224
4516,Dave Kennedy,\N,1953-01-15,387,225
4517,Stephen South,\N,1952-02-19,369,226
4518,Tiff Needell,\N,1951-10-29,369,227
4519,Desiré Wilson,\N,1953-11-26,400,228
4520,Harald Ertl,\N,1948-08-31,379,229
4521,Vittorio Brambilla,\N,1937-11-11,377,230
4522,James Hunt,\N,1947-08-29,369,231
4523,Arturo Merzario,\N,1943-03-11,377,232
4524,Hans-Joachim Stuck,\N,1951-01-01,370,233
4525,Gianfranco Brancatelli,\N,1950-01-18,377,234
4526,Jacky Ickx,\N,1945-01-01,393,235
4527,Patrick Gaillard,\N,1952-02-12,374,236
4528,Alex Ribeiro,\N,1948-11-07,376,237
4529,Ronnie Peterson,\N,1944-02-14,395,238
4530,Brett Lunger,\N,1945-11-14,380,239
4531,Danny Ongais,\N,1942-05-21,380,240
4532,Lamberto Leoni,\N,1953-05-24,377,241
4533,Divina Galica,\N,1944-08-13,369,242
4534,Rolf Stommelen,\N,1943-07-11,370,243
4535,Alberto Colombo,\N,1946-02-23,377,244
4536,Tony Trimmer,\N,1943-01-24,369,245
4537,Hans Binder,\N,1948-06-12,379,246
4538,Michael Bleekemolen,\N,1949-10-02,381,247
4539,Carlo Franchi,\N,1938-01-01,377,248
4540,Bobby Rahal,\N,1953-01-10,380,249
4541,Carlos Pace,\N,1944-10-06,376,250
4542,Ian Scheckter,\N,1947-08-22,400,251
4543,Tom Pryce,\N,1949-06-11,369,252
4544,Ingo Hoffmann,\N,1953-02-28,376,253
4545,Renzo Zorzi,\N,1946-12-12,377,254
4546,Gunnar Nilsson,\N,1948-11-20,395,255
4547,Larry Perkins,\N,1950-03-18,378,256
4548,Boy Lunger,\N,1949-05-03,381,257
4549,Patrick Nève,\N,1949-10-13,393,258
4550,David Purley,\N,1945-01-26,369,259
4551,Conny Andersson,\N,1939-12-28,395,260
4552,Bernard de Dryver,\N,1952-09-19,393,261
4553,Jackie Oliver,\N,1942-08-14,369,262
4554,Mikko Kozarowitzky,\N,1948-05-17,372,263
4555,Andy Sutcliffe,\N,1947-05-09,369,264
4556,Guy Edwards,\N,1942-12-30,369,265
4557,Brian McGuire,\N,1945-12-13,378,266
4558,Vern Schuppan,\N,1943-03-19,378,267
4559,Hans Heyer,\N,1943-03-16,370,268
4560,Teddy Pilette,\N,1942-07-26,393,269
4561,Ian Ashley,\N,1947-10-26,369,270
4562,Loris Kessel,\N,1950-04-01,392,271
4563,Kunimitsu Takahashi,\N,1940-01-29,373,272
4564,Kazuyoshi Hoshino,\N,1947-07-01,373,273
4565,Noritake Takahara,\N,1951-06-06,373,274
4566,Lella Lombardi,\N,1941-03-26,377,275
4567,Bob Evans,\N,1947-06-11,369,276
4568,Michel Leclère,\N,1946-03-18,374,277
4569,Chris Amon,\N,1943-07-20,397,278
4570,Emilio Zapico,\N,1944-05-27,371,279
4571,Henri Pescarolo,\N,1942-09-25,374,280
4572,Jac Nelleman,\N,1944-04-19,388,281
4573,Damien Magee,\N,1945-11-17,369,282
4574,Mike Wilds,\N,1946-01-07,369,283
4575,Alessandro Pesenti-Rossi,\N,1942-08-31,377,284
4576,Otto Stuppacher,\N,1947-03-03,379,285
4577,Warwick Brown,\N,1949-12-24,378,286
4578,Masahiro Hasemi,\N,1945-11-13,373,287
4579,Mark Donohue,\N,1937-03-18,380,288
4580,Graham Hill,\N,1929-02-15,369,289
4581,Wilson Fittipaldi,\N,1943-12-25,376,290
4582,Guy Tunmer,\N,1948-12-01,400,291
4583,Eddie Keizan,\N,1944-09-12,400,292
4584,Dave Charlton,\N,1936-10-27,400,293
4585,Tony Brise,\N,1952-03-28,369,294
4586,Roelof Wunderink,\N,1948-12-12,381,295
4587,François Migault,\N,1944-12-04,374,296
4588,Torsten Palm,\N,1947-07-23,395,297
4589,Gijs van Lennep,\N,1942-03-16,381,298
4590,Hiroshi Fushida,\N,1946-03-10,373,299
4591,John Nicholson,\N,1941-10-06,397,300
4592,Dave Morgan,\N,1944-08-07,369,301
4593,Jim Crawford,\N,1948-02-13,369,302
4594,Jo Vonlanthen,\N,1942-05-31,392,303
4595,Denny Hulme,\N,1936-06-18,397,304
4596,Mike Hailwood,\N,1940-04-02,369,305
4597,Jean-Pierre Beltoise,\N,1937-04-26,374,306
4598,Howden Ganley,\N,1941-12-24,397,307
4599,Richard Robarts,\N,1944-09-22,369,308
4600,Peter Revson,\N,1939-02-27,380,309
4601,Paddy Driver,\N,1934-05-13,400,310
4602,Tom Belsø,\N,1942-08-27,388,311
4603,Brian Redman,\N,1937-03-09,369,312
4604,Rikky von Opel,\N,1947-10-14,401,313
4605,Tim Schenken,\N,1943-09-26,378,314
4606,Gérard Larrousse,\N,1940-05-23,374,315
4607,Leo Kinnunen,\N,1943-08-05,372,316
4608,Reine Wisell,\N,1941-09-30,395,317
4609,Bertil Roos,\N,1943-10-12,395,318
4610,José Dolhem,\N,1944-04-26,374,319
4611,Peter Gethin,\N,1940-02-21,369,320
4612,Derek Bell,\N,1941-10-31,369,321
4613,David Hobbs,\N,1939-06-09,369,322
4614,Dieter Quester,\N,1939-05-30,379,323
4615,Helmuth Koinigg,\N,1948-11-03,379,324
4616,Carlo Facetti,\N,1935-06-26,377,325
4617,Eppie Wietzes,\N,1938-05-28,384,326
4618,François Cevert,\N,1944-02-25,374,327
4619,Jackie Stewart,\N,1939-06-11,369,328
4620,Mike Beuttler,\N,1940-04-13,369,329
4621,Nanni Galli,\N,1940-10-02,377,330
4622,Luiz Bueno,\N,1937-01-16,376,331
4623,George Follmer,\N,1934-01-27,380,332
4624,Andrea de Adamich,\N,1941-10-03,377,333
4625,Jackie Pretorius,\N,1934-11-22,400,334
4626,Roger Williamson,\N,1948-02-02,369,335
4627,Graham McRae,\N,1940-03-05,397,336
4628,Helmut Marko,\N,1943-04-27,379,337
4629,David Walker,\N,1941-06-10,378,338
4630,Alex Soler-Roig,\N,1932-10-29,371,339
4631,John Love,\N,1924-12-07,402,340
4632,John Surtees,\N,1934-02-11,369,341
4633,Skip Barber,\N,1936-11-16,380,342
4634,Bill Brack,\N,1935-12-26,384,343
4635,Sam Posey,\N,1944-05-26,380,344
4636,Pedro Rodríguez,\N,1940-01-18,399,345
4637,Jo Siffert,\N,1936-07-07,392,346
4638,Jo Bonnier,\N,1930-01-31,395,347
4639,François Mazet,\N,1943-02-24,374,348
4640,Max Jean,\N,1943-07-27,374,349
4641,Vic Elford,\N,1935-06-10,369,350
4642,Silvio Moser,\N,1941-04-24,392,351
4643,George Eaton,\N,1945-11-12,384,352
4644,Pete Lovely,\N,1926-04-11,380,353
4645,Chris Craft,\N,1939-11-17,369,354
4646,John Cannon,\N,1933-06-21,384,355
4647,Jack Brabham,\N,1926-04-02,378,356
4648,John Miles,\N,1943-06-14,369,357
4649,Jochen Rindt,\N,1942-04-18,379,358
4650,Johnny Servoz-Gavin,\N,1942-01-18,374,359
4651,Bruce McLaren,\N,1937-08-30,397,360
4652,Piers Courage,\N,1942-05-27,369,361
4653,Peter de Klerk,\N,1935-03-16,400,362
4654,Ignazio Giunti,\N,1941-08-30,377,363
4655,Dan Gurney,\N,1931-04-13,380,364
4656,Hubert Hahne,\N,1935-03-28,370,365
4657,Gus Hutchison,\N,1937-04-26,380,366
4658,Peter Westbury,\N,1938-05-26,369,367
4659,Sam Tingle,\N,1921-08-24,402,368
4660,Basil van Rooyen,\N,1939-04-19,400,369
4661,Richard Attwood,\N,1940-04-04,369,370
4662,Al Pease,\N,1921-10-15,384,371
4663,John Cordts,\N,1935-07-23,384,372
4664,Jim Clark,\N,1936-03-04,369,373
4665,Mike Spence,\N,1936-12-30,369,374
4666,Ludovico Scarfiotti,\N,1933-10-18,377,375
4667,Lucien Bianchi,BIA,1934-11-10,393,376
4668,Jo Schlesser,\N,1928-05-18,374,377
4669,Robin Widdows,\N,1942-05-27,369,378
4670,Kurt Ahrens,\N,1940-04-19,370,379
4671,Frank Gardner,\N,1930-10-01,378,380
4672,Bobby Unser,\N,1934-02-20,380,381
4673,Moisés Solana,\N,1935-12-26,399,382
4674,Bob Anderson,\N,1931-05-19,369,383
4675,Luki Botha,\N,1930-01-16,400,384
4676,Lorenzo Bandini,\N,1935-12-21,377,385
4677,Richie Ginther,\N,1930-08-05,380,386
4678,Mike Parkes,\N,1931-09-24,369,387
4679,Chris Irwin,\N,1942-06-27,369,388
4680,Guy Ligier,\N,1930-07-12,374,389
4681,Alan Rees,\N,1938-01-12,369,390
4682,Brian Hart,\N,1936-09-07,369,391
4683,Mike Fisher,\N,1943-03-13,380,392
4684,Tom Jones,\N,1943-04-26,380,393
4685,Giancarlo Baghetti,\N,1934-12-25,377,394
4686,Jonathan Williams,\N,1942-10-26,369,395
4687,Bob Bondurant,\N,1933-04-27,380,396
4688,Peter Arundell,\N,1933-11-08,369,397
4689,Vic Wilson,\N,1931-04-14,369,398
4690,John Taylor,\N,1933-03-23,369,399
4691,Chris Lawrence,\N,1933-07-27,369,400
4692,Trevor Taylor,\N,1936-12-26,369,401
4693,Giacomo Russo,\N,1937-10-23,377,402
4694,Phil Hill,\N,1927-04-20,380,403
4695,Innes Ireland,\N,1930-06-12,369,404
4696,Ronnie Bucknum,\N,1936-04-05,380,405
4697,Paul Hawkins,\N,1937-10-12,378,406
4698,David Prophet,\N,1937-10-09,369,407
4699,Tony Maggs,\N,1937-02-09,400,408
4700,Trevor Blokdyk,\N,1935-11-30,400,409
4701,Neville Lederle,\N,1938-09-25,400,410
4702,Doug Serrurier,\N,1920-12-09,400,411
4703,Brausch Niemann,\N,1939-01-07,400,412
4704,Ernie Pieterse,\N,1938-07-04,400,413
4705,Clive Puzey,\N,1941-07-11,402,414
4706,Ray Reed,\N,1932-04-30,400,415
4707,David Clapham,\N,1931-05-18,400,416
4708,Alex Blignaut,\N,1932-11-30,400,417
4709,Masten Gregory,\N,1932-02-29,380,418
4710,John Rhodes,\N,1927-08-18,369,419
4711,Ian Raby,\N,1921-09-22,369,420
4712,Alan Rollinson,\N,1943-05-15,369,421
4713,Brian Gubby,\N,1934-04-17,369,422
4714,Gerhard Mitter,\N,1935-08-30,370,423
4715,Roberto Bussinello,\N,1927-10-04,377,424
4716,Nino Vaccarella,\N,1933-03-04,377,425
4717,Giorgio Bassi,\N,1934-01-20,377,426
4718,Maurice Trintignant,\N,1917-10-30,374,427
4719,Bernard Collomb,\N,1930-10-07,374,428
4720,André Pilette,\N,1918-10-06,393,429
4721,Carel Godin de Beaufort,\N,1934-04-10,381,430
4722,Edgar Barth,\N,1917-01-26,370,431
4723,Mário de Araújo Cabral,\N,1934-01-15,383,432
4724,Walt Hansgen,\N,1919-10-28,380,433
4725,Hap Sharp,\N,1928-01-01,380,434
4726,Willy Mairesse,\N,1928-10-01,393,435
4727,John Campbell-Jones,\N,1930-01-21,369,436
4728,Ian Burgess,\N,1930-07-06,369,437
4729,Tony Settember,\N,1926-07-10,380,438
4730,Nasif Estéfano,\N,1932-11-18,389,439
4731,Jim Hall,\N,1935-07-23,380,440
4732,Tim Parnell,\N,1932-06-25,369,441
4733,Kurt Kuhnke,\N,1910-04-30,370,442
4734,Ernesto Brambilla,\N,1934-01-31,377,443
4735,Roberto Lippi,\N,1926-10-17,377,444
4736,Günther Seiffert,\N,1937-10-18,370,445
4737,Carlo Abate,\N,1932-07-10,377,446
4738,Gaetano Starrabba,\N,1932-12-03,377,447
4739,Peter Broeker,\N,1926-05-15,384,448
4740,Rodger Ward,\N,1921-01-10,380,449
4741,Ernie de Vos,\N,1941-07-01,381,450
4742,Frank Dochnal,\N,1920-10-08,380,451
4743,Thomas Monarch,\N,1945-09-03,380,452
4744,Pierre Gasly,GAS,1996-02-07,374,842
4745,Jackie Lewis,\N,1936-11-01,369,453
4746,Ricardo Rodríguez,\N,1942-02-14,399,454
4747,Wolfgang Seidel,\N,1926-07-04,370,455
4748,Roy Salvadori,\N,1922-05-12,369,456
4749,Ben Pon,\N,1936-12-09,381,457
4750,Rob Slotemaker,\N,1929-06-13,381,458
4751,Tony Marsh,\N,1931-07-20,369,459
4752,Gerry Ashmore,\N,1936-07-25,369,460
4753,Heinz Schiller,\N,1930-01-25,392,461
4754,Colin Davis,\N,1933-07-29,369,462
4755,Jay Chamberlain,\N,1925-12-29,380,463
4756,Tony Shelly,\N,1937-02-02,397,464
4757,Keith Greene,\N,1938-01-05,369,465
4758,Heini Walter,\N,1927-07-28,392,466
4759,Ernesto Prinoth,\N,1923-04-15,377,467
4760,Roger Penske,\N,1937-02-20,380,468
4761,Rob Schroeder,\N,1926-05-11,369,469
4762,Timmy Mayer,\N,1938-02-22,380,470
4763,Bruce Johnstone,\N,1937-01-30,400,471
4764,Mike Harris,\N,1939-05-25,400,472
4765,Gary Hocking,\N,1937-09-30,402,473
4766,Syd van der Vyver,\N,1920-06-01,400,474
4767,Stirling Moss,\N,1929-09-17,369,475
4768,Wolfgang von Trips,\N,1928-05-04,370,476
4769,Cliff Allison,\N,1932-02-08,369,477
4770,Hans Herrmann,\N,1928-02-23,370,478
4771,Tony Brooks,\N,1932-02-25,369,479
4772,Michael May,\N,1934-08-18,392,480
4773,Henry Taylor,\N,1932-12-16,369,481
4774,Olivier Gendebien,\N,1924-01-12,393,482
4775,Giorgio Scarlatti,\N,1921-10-02,377,483
4776,Brian Naylor,\N,1923-03-24,369,484
4777,Juan Manuel Bordeu,\N,1934-01-28,389,485
4778,Jack Fairman,\N,1913-03-15,369,486
4779,Massimo Natili,\N,1935-07-28,377,487
4780,Peter Monteverdi,\N,1934-06-07,392,488
4781,Renato Pirocchi,\N,1933-03-26,377,489
4782,Geoff Duke,\N,1923-03-29,369,490
4783,Alfonso Thiele,\N,1920-04-05,403,491
4784,Menato Boffa,\N,1930-01-04,377,492
4785,Peter Ryan,\N,1940-06-10,384,493
4786,Lloyd Ruby,\N,1928-01-12,380,494
4787,Ken Miles,\N,1918-11-01,369,495
4788,Carlos Menditeguy,\N,1914-08-10,389,496
4789,Alberto Rodriguez Larreta,\N,1934-01-14,389,497
4790,José Froilán González,\N,1922-10-05,389,498
4791,Roberto Bonomi,\N,1919-09-30,389,499
4792,Gino Munaron,\N,1928-04-02,377,500
4793,Harry Schell,\N,1921-06-29,380,501
4794,Alan Stacey,\N,1933-08-29,369,502
4795,Ettore Chimeri,\N,1921-06-04,396,503
4796,Antonio Creus,\N,1924-10-28,371,504
4797,Chris Bristow,\N,1937-12-02,369,505
4798,Bruce Halford,\N,1931-05-18,369,506
4799,Chuck Daigh,\N,1923-11-29,380,507
4800,Lance Reventlow,\N,1936-02-24,380,508
4801,Jim Rathmann,\N,1928-07-16,380,509
4802,Paul Goldsmith,\N,1925-10-02,380,510
4803,Don Branson,\N,1920-06-02,380,511
4804,Johnny Thomson,\N,1922-04-09,380,512
4805,Eddie Johnson,\N,1919-02-10,380,513
4806,Bob Veith,\N,1926-11-01,380,514
4807,Bud Tingelstad,\N,1928-04-04,380,515
4808,Bob Christie,\N,1924-04-04,380,516
4809,Red Amick,\N,1929-01-19,380,517
4810,Duane Carter,\N,1913-05-05,380,518
4811,Bill Homeier,\N,1918-08-31,380,519
4812,Gene Hartley,\N,1926-01-28,380,520
4813,Chuck Stevenson,\N,1919-10-15,380,521
4814,Bobby Grim,\N,1924-09-04,380,522
4815,Shorty Templeman,\N,1919-08-12,380,523
4816,Jim Hurtubise,\N,1932-12-05,380,524
4817,Jimmy Bryan,\N,1926-01-28,380,525
4818,Troy Ruttman,\N,1930-03-11,380,526
4819,Eddie Sachs,\N,1927-05-28,380,527
4820,Don Freeland,\N,1925-03-25,380,528
4821,Tony Bettenhausen,\N,1916-09-12,380,529
4822,Wayne Weiler,\N,1934-12-09,380,530
4823,Anthony Foyt,\N,1935-01-16,380,531
4824,Eddie Russo,\N,1925-11-19,380,532
4825,Johnny Boyd,\N,1926-08-19,380,533
4826,Gene Force,\N,1916-06-15,380,534
4827,Jim McWithey,\N,1927-07-04,380,535
4828,Len Sutton,\N,1925-08-09,380,536
4829,Dick Rathmann,\N,1924-01-06,380,537
4830,Al Herman,\N,1927-03-15,380,538
4831,Dempsey Wilson,\N,1927-03-11,380,539
4832,Mike Taylor,\N,1934-04-24,369,540
4833,Ron Flockhart,\N,1923-06-16,369,541
4834,David Piper,\N,1930-12-02,369,542
4835,Giulio Cabianca,\N,1923-02-19,377,543
4836,Piero Drogo,\N,1926-08-08,377,544
4837,Fred Gamble,\N,1932-03-17,380,545
4838,Arthur Owen,\N,1915-03-23,369,546
4839,Horace Gould,\N,1918-09-20,369,547
4840,Bob Drake,\N,1919-12-14,380,548
4841,Ivor Bueb,\N,1923-06-06,369,549
4842,Alain de Changy,\N,1922-02-05,393,550
4843,Maria de Filippis,\N,1926-11-11,377,551
4844,Jean Lucienbonnet,\N,1923-01-07,374,552
4845,André Testut,\N,1926-04-13,394,553
4846,Jean Behra,\N,1921-02-16,374,554
4847,Paul Russo,\N,1914-04-10,380,555
4848,Jimmy Daywalt,\N,1924-08-28,380,556
4849,Chuck Arnold,\N,1926-05-30,380,557
4850,Al Keller,\N,1920-04-11,380,558
4851,Pat Flaherty,\N,1926-01-06,380,559
4852,Bill Cheesbourg,\N,1927-06-12,380,560
4853,Ray Crawford,\N,1915-10-26,380,561
4854,Jack Turner,\N,1920-02-12,380,562
4855,Chuck Weyant,\N,1923-04-03,380,563
4856,Jud Larson,\N,1923-01-21,380,564
4857,Mike Magill,\N,1920-02-08,380,565
4858,Carroll Shelby,\N,1923-01-11,380,566
4859,Fritz d'Orey,\N,1938-03-25,376,567
4860,Azdrubal Fontes,\N,1922-12-26,404,568
4861,Peter Ashdown,\N,1934-10-16,369,569
4862,Bill Moss,\N,1933-09-04,369,570
4863,Dennis Taylor,\N,1921-06-12,369,571
4864,Harry Blanchard,\N,1929-06-13,380,572
4865,Alessandro de Tomaso,\N,1928-07-10,405,573
4866,George Constantine,\N,1918-02-22,380,574
4867,Bob Said,\N,1932-05-05,380,575
4868,Phil Cade,\N,1916-06-12,380,576
4869,Luigi Musso,\N,1924-07-28,377,577
4870,Mike Hawthorn,\N,1929-04-10,369,578
4871,Juan Fangio,\N,1911-06-24,389,579
4872,Paco Godia,\N,1921-03-21,371,580
4873,Peter Collins,\N,1931-11-06,369,581
4874,Ken Kavanagh,\N,1923-12-12,378,582
4875,Gerino Gerini,\N,1928-08-10,377,583
4876,Bruce Kessler,\N,1936-03-23,380,584
4877,Paul Emery,\N,1916-11-12,369,585
4878,Luigi Piotti,\N,1913-10-27,377,586
4879,Bernie Ecclestone,\N,1930-10-28,369,587
4880,Luigi Taramazzo,\N,1932-05-05,377,588
4881,Louis Chiron,\N,1899-08-03,394,589
4882,Stuart Lewis-Evans,\N,1930-04-20,369,590
4883,George Amick,\N,1924-10-24,380,591
4884,Jimmy Reece,\N,1929-11-17,380,592
4885,Johnnie Parsons,\N,1918-07-04,380,593
4886,Johnnie Tolan,\N,1917-10-22,380,594
4887,Billy Garrett,\N,1933-04-24,380,595
4888,Ed Elisian,\N,1926-12-09,380,596
4889,Pat O'Connor,\N,1928-10-09,380,597
4890,Jerry Unser,\N,1932-11-15,380,598
4891,Art Bisch,\N,1926-11-10,380,599
4892,Christian Goethals,\N,1928-08-04,393,600
4893,Dick Gibson,\N,1918-04-16,369,601
4894,Robert La Caze,\N,1917-02-26,374,602
4895,André Guelfi,\N,1919-05-06,374,603
4896,François Picard,\N,1921-04-26,374,604
4897,Tom Bridger,\N,1934-06-24,369,605
4898,Alfonso de Portago,\N,1928-10-11,371,606
4899,Cesare Perdisa,\N,1932-10-21,377,607
4900,Eugenio Castellotti,\N,1930-10-10,377,608
4901,André Simon,\N,1920-01-05,374,609
4902,Les Leston,\N,1920-12-16,369,610
4903,Sam Hanks,\N,1914-07-13,380,611
4904,Andy Linden,\N,1922-04-05,380,612
4905,Marshall Teague,\N,1921-02-22,380,613
4906,Don Edmunds,\N,1930-09-23,380,614
4907,Fred Agabashian,\N,1913-08-21,380,615
4908,Elmer George,\N,1928-07-15,380,616
4909,Mike MacDowel,\N,1932-09-13,369,617
4910,Herbert MacKay-Fraser,\N,1927-06-23,380,618
4911,Bob Gerard,\N,1914-01-19,369,619
4912,Umberto Maglioli,\N,1928-06-05,377,620
4913,Paul England,\N,1929-03-28,378,621
4914,Chico Landi,\N,1907-07-14,376,622
4915,Alberto Uria,\N,1924-07-11,404,623
4916,Hernando da Silva Ramos,\N,1925-12-07,376,624
4917,Élie Bayol,\N,1914-02-28,374,625
4918,Robert Manzon,\N,1917-04-12,374,626
4919,Louis Rosier,\N,1905-11-05,374,627
4920,Bob Sweikert,\N,1926-05-20,380,628
4921,Cliff Griffith,\N,1916-02-06,380,629
4922,Duke Dinsmore,\N,1913-04-10,380,630
4923,Keith Andrews,\N,1920-06-15,380,631
4924,Paul Frère,\N,1917-01-30,393,632
4925,Luigi Villoresi,\N,1909-05-16,377,633
4926,Piero Scotti,\N,1909-11-11,377,634
4927,Colin Chapman,\N,1928-05-19,369,635
4928,Desmond Titterington,\N,1928-05-01,369,636
4929,Archie Scott Brown,\N,1927-05-13,369,637
4930,Ottorino Volonterio,\N,1917-12-07,392,638
4931,André Milhoux,\N,1928-12-09,393,639
4932,Toulo de Graffenried,\N,1914-05-18,392,640
4933,Piero Taruffi,\N,1906-10-12,377,641
4934,Nino Farina,\N,1906-10-30,377,642
4935,Roberto Mieres,\N,1924-12-03,389,643
4936,Sergio Mantovani,\N,1929-05-22,377,644
4937,Clemar Bucci,\N,1920-09-04,389,645
4938,Jesús Iglesias,\N,1922-02-22,389,646
4939,Alberto Ascari,\N,1918-07-13,377,647
4940,Karl Kling,\N,1910-09-16,370,648
4941,Pablo Birger,\N,1924-01-07,389,649
4942,Jacques Pollet,\N,1922-07-02,374,650
4943,Lance Macklin,\N,1919-09-02,369,651
4944,Ted Whiteaway,\N,1928-11-01,369,652
4945,Jimmy Davies,\N,1929-08-08,380,653
4946,Walt Faulkner,\N,1920-02-16,380,654
4947,Cal Niday,\N,1914-04-29,380,655
4948,Art Cross,\N,1918-01-24,380,656
4949,Bill Vukovich,\N,1918-12-13,380,657
4950,Jack McGrath,\N,1919-10-08,380,658
4951,Jerry Hoyt,\N,1929-01-29,380,659
4952,Johnny Claes,\N,1916-08-11,393,660
4953,Peter Walker,\N,1912-10-07,369,661
4954,Mike Sparken,\N,1930-06-16,374,662
4955,Ken Wharton,\N,1916-03-21,369,663
4956,Kenneth McAlpine,\N,1920-09-21,369,664
4957,Leslie Marr,\N,1922-08-14,369,665
4958,Tony Rolt,\N,1918-10-16,369,666
4959,John Fitch,\N,1917-08-04,380,667
4960,Jean Lucas,\N,1917-04-25,374,668
4961,Prince Bira,\N,1914-07-15,406,669
4962,Onofre Marimón,\N,1923-12-19,389,670
4963,Roger Loyer,\N,1907-08-05,374,671
4964,Jorge Daponte,\N,1923-06-05,389,672
4965,Mike Nazaruk,\N,1921-10-02,380,673
4966,Larry Crockett,\N,1926-10-23,380,674
4967,Manny Ayulo,\N,1921-10-20,380,675
4968,Frank Armi,\N,1918-10-12,380,676
4969,Travis Webb,\N,1910-10-08,380,677
4970,Len Duncan,\N,1911-07-25,380,678
4971,Ernie McCoy,\N,1921-02-19,380,679
4972,Jacques Swaters,\N,1926-10-30,380,680
4973,Georges Berger,\N,1918-09-14,393,681
4974,Don Beauman,\N,1928-07-26,369,682
4975,Leslie Thorne,\N,1916-06-23,369,683
4976,Bill Whitehouse,\N,1909-04-01,369,684
4977,John Riseley-Prichard,\N,1924-01-17,369,685
4978,Reg Parnell,\N,1911-07-02,369,686
4979,Peter Whitehead,\N,1914-11-12,369,687
4980,Eric Brandon,\N,1920-07-18,369,688
4981,Alan Brown,\N,1919-11-20,369,689
4982,Rodney Nuckey,\N,1929-06-26,369,690
4983,Hermann Lang,\N,1909-04-06,370,691
4984,Theo Helfrich,\N,1913-05-13,370,692
4985,Fred Wacker,\N,1918-07-10,380,693
4986,Giovanni de Riu,\N,1925-03-10,377,694
4987,Oscar Gálvez,\N,1913-08-17,389,695
4988,John Barber,\N,1929-07-22,369,696
4989,Felice Bonetto,\N,1903-06-09,377,697
4990,Adolfo Cruz,\N,1923-06-28,389,698
4991,Duke Nalon,\N,1913-03-02,380,699
4992,Carl Scarborough,\N,1914-07-03,380,700
4993,Bill Holland,\N,1907-12-18,380,701
4994,Bob Scott,\N,1928-10-04,380,702
4995,Arthur Legat,\N,1898-11-01,393,703
4996,Yves Cabantous,\N,1904-10-08,374,704
4997,Tony Crook,\N,1920-02-16,369,705
4998,Jimmy Stewart,\N,1931-03-06,369,706
4999,Ian Stewart,\N,1929-07-15,369,707
5000,Duncan Hamilton,\N,1920-04-30,369,708
5001,Ernst Klodwig,\N,1903-05-23,407,709
5002,Rudolf Krause,\N,1907-03-30,407,710
5003,Oswald Karch,\N,1917-03-06,370,711
5004,Willi Heeks,\N,1922-02-13,370,712
5005,Theo Fitzau,\N,1923-02-10,407,713
5006,Kurt Adolff,\N,1921-11-05,370,714
5007,Günther Bechem,\N,1921-12-21,370,715
5008,Erwin Bauer,\N,1912-07-17,370,716
5009,Hans von Stuck,\N,1900-12-27,370,717
5010,Ernst Loof,\N,1907-07-04,370,718
5011,Albert Scherrer,\N,1908-02-28,392,719
5012,Max de Terra,\N,1918-10-06,392,720
5013,Peter Hirt,\N,1910-03-30,392,721
5014,Piero Carini,\N,1921-03-06,377,722
5015,Rudi Fischer,\N,1912-04-19,392,723
5016,Toni Ulmen,\N,1906-01-25,370,724
5017,George Abecassis,\N,1913-03-21,369,725
5018,George Connor,\N,1906-08-16,380,726
5019,Jim Rigsby,\N,1923-06-06,380,727
5020,Joe James,\N,1925-05-23,380,728
5021,Bill Schindler,\N,1909-03-06,380,729
5022,George Fonder,\N,1917-06-22,380,730
5023,Henry Banks,\N,1913-06-14,380,731
5024,Johnny McDowell,\N,1915-01-29,380,732
5025,Chet Miller,\N,1902-07-19,380,733
5026,Bobby Ball,\N,1925-08-26,380,734
5027,Charles de Tornaco,\N,1927-06-07,393,735
5028,Roger Laurent,\N,1913-02-21,393,736
5029,Robert O'Brien,\N,1908-04-11,380,737
5030,Tony Gaze,\N,1920-02-03,378,738
5031,Robin Montgomerie-Charrington,\N,1915-06-23,369,739
5032,Franco Comotti,\N,1906-07-24,377,740
5033,Philippe Étancelin,\N,1896-12-28,374,741
5034,Dennis Poore,\N,1916-08-19,369,742
5035,Eric Thompson,\N,1919-11-04,369,743
5036,Ken Downing,\N,1917-12-05,369,744
5037,Graham Whitehead,\N,1922-04-15,369,745
5038,Gino Bianco,\N,1916-07-22,376,746
5039,David Murray,\N,1909-12-28,369,747
5040,Eitel Cantoni,\N,1906-10-04,404,748
5041,Bill Aston,\N,1900-03-29,369,749
5042,Adolf Brudes,\N,1899-10-15,370,750
5043,Fritz Riess,\N,1922-07-11,370,751
5044,Helmut Niedermayr,\N,1915-11-29,370,752
5045,Hans Klenk,\N,1919-10-28,370,753
5046,Marcel Balsa,\N,1909-01-01,374,754
5047,Rudolf Schoeller,\N,1902-04-27,392,755
5048,Paul Pietsch,\N,1911-06-20,370,756
5049,Josef Peters,\N,1914-09-16,370,757
5050,Dries van der Lof,\N,1919-08-23,381,758
5051,Jan Flinterman,\N,1919-10-02,381,759
5052,Piero Dusio,\N,1899-10-13,377,760
5053,Alberto Crespo,\N,1920-01-16,389,761
5054,Franco Rol,\N,1908-06-05,377,762
5055,Consalvo Sanesi,\N,1911-03-28,377,763
5056,Guy Mairesse,\N,1910-08-10,374,764
5057,Henri Louveau,\N,1910-01-25,374,765
5058,Lee Wallard,\N,1910-09-07,380,766
5059,Carl Forberg,\N,1911-03-04,380,767
5060,Mauri Rose,\N,1906-05-26,380,768
5061,Bill Mackey,\N,1927-12-15,380,769
5062,Cecil Green,\N,1919-09-30,380,770
5063,Walt Brown,\N,1911-12-30,380,771
5064,Mack Hellings,\N,1915-09-14,380,772
5065,Pierre Levegh,\N,1905-12-22,374,773
5066,Eugène Chaboud,\N,1907-04-12,374,774
5067,Aldo Gordini,\N,1921-05-20,374,775
5068,Joe Kelly,\N,1913-03-13,387,776
5069,Philip Fotheringham-Parker,\N,1907-09-22,369,777
5070,Brian Shawe Taylor,\N,1915-01-28,369,778
5071,John James,\N,1914-05-10,369,779
5072,Toni Branca,\N,1916-09-15,392,780
5073,Ken Richardson,\N,1911-08-21,369,781
5074,Juan Jover,\N,1903-11-23,371,782
5075,Georges Grignard,\N,1905-07-25,374,783
5076,David Hampshire,\N,1917-12-29,369,784
5077,Geoff Crossley,\N,1921-05-11,369,785
5078,Luigi Fagioli,\N,1898-06-09,377,786
5079,Cuth Harrison,\N,1906-07-06,369,787
5080,Joe Fry,\N,1915-10-26,369,788
5081,Eugène Martin,\N,1915-03-24,374,789
5082,Leslie Johnson,\N,1912-03-22,369,790
5083,Clemente Biondetti,\N,1898-08-18,377,791
5084,Alfredo Pián,\N,1912-10-21,389,792
5085,Raymond Sommer,\N,1906-08-31,374,793
5086,Joie Chitwood,\N,1912-04-14,380,794
5087,Myron Fohr,\N,1912-06-17,380,795
5088,Walt Ader,\N,1913-12-15,380,796
5089,Jackie Holmes,\N,1920-09-04,380,797
5090,Bayliss Levrett,\N,1914-02-14,380,798
5091,Jimmy Jackson,\N,1910-07-25,380,799
5092,Nello Pagani,\N,1911-10-11,377,800
5093,Charles Pozzi,\N,1909-08-27,374,801
5094,Dorino Serafini,\N,1909-07-22,377,802
5095,Bill Cantrell,\N,1908-01-31,380,803
5096,Johnny Mantz,\N,1918-09-18,380,804
5097,Danny Kladis,\N,1917-02-10,380,805
5098,Óscar González,\N,1923-11-10,404,806
5099,Nico Hülkenberg,HUL,1987-08-19,370,807
5100,Vitaly Petrov,PET,1984-09-08,408,808
5101,Lucas di Grassi,DIG,1984-08-11,376,810
5102,Bruno Senna,SEN,1983-10-15,376,811
5103,Karun Chandhok,CHA,1984-01-19,385,812
5104,Pastor Maldonado,MAL,1985-03-09,396,813
5105,Paul di Resta,DIR,1986-04-16,369,814
5106,Sergio Pérez,PER,1990-01-26,399,815
5107,Jérôme d'Ambrosio,DAM,1985-12-27,393,816
5108,Daniel Ricciardo,RIC,1989-07-01,378,817
5109,Jean-Éric Vergne,VER,1990-04-25,374,818
5110,Charles Pic,PIC,1990-02-15,374,819
5111,Max Chilton,CHI,1991-04-21,369,820
5112,Esteban Gutiérrez,GUT,1991-08-05,399,821
5113,Valtteri Bottas,BOT,1989-08-28,372,822
5114,Giedo van der Garde,VDG,1985-04-25,381,823
5115,Jules Bianchi,BIA,1989-08-03,374,824
5116,Kevin Magnussen,MAG,1992-10-05,388,825
5117,Daniil Kvyat,KVY,1994-04-26,408,826
5118,André Lotterer,LOT,1981-11-19,370,827
5119,Marcus Ericsson,ERI,1990-09-02,395,828
5120,Will Stevens,STE,1991-06-28,369,829
5121,Max Verstappen,VER,1997-09-30,381,830
5122,Felipe Nasr,NAS,1992-08-21,376,831
5123,Carlos Sainz,SAI,1994-09-01,371,832
5124,Roberto Merhi,MER,1991-03-22,371,833
5125,Alexander Rossi,RSS,1991-09-25,380,834
5126,Jolyon Palmer,PAL,1991-01-20,369,835
5127,Pascal Wehrlein,WEH,1994-10-18,370,836
5128,Rio Haryanto,HAR,1993-01-22,409,837
5129,Stoffel Vandoorne,VAN,1992-03-26,393,838
5130,Esteban Ocon,OCO,1996-09-17,374,839
5131,Lance Stroll,STR,1998-10-29,384,840
5132,Antonio Giovinazzi,GIO,1993-12-14,377,841
5133,Brendon Hartley,HAR,1989-11-10,397,843
5134,Charles Leclerc,LEC,1997-10-16,394,844
5135,Sergey Sirotkin,SIR,1995-08-27,408,845
5136,Lando Norris,NOR,1999-11-13,369,846
5137,George Russell,RUS,1998-02-15,369,847
5138,Alexander Albon,ALB,1996-03-23,406,848
5139,Nicholas Latifi,LAT,1995-06-29,384,849
5140,Pietro Fittipaldi,FIT,1996-06-25,376,850
5141,Jack Aitken,AIT,1995-09-23,369,851
5142,Yuki Tsunoda,TSU,2000-05-11,373,852
5143,Nikita Mazepin,MAZ,1999-03-02,408,853
5144,Mick Schumacher,MSC,1999-03-22,370,854
5145,Guanyu Zhou,ZHO,1999-05-30,410,855
5146,Nyck de Vries,DEV,1995-02-06,381,856
5147,Oscar Piastri,PIA,2001-04-06,378,857
5148,Logan Sargeant,SAR,2000-12-31,380,858
5149,Liam Lawson,LAW,2002-02-11,397,859
